accepted_name,genus,abund_value,period,early_interval,late_interval,max_ma,min_ma,"Avg(max_ma, min_ma)",paleomodel,geoplate,paleoage,paleolng,paleolat,environment,primary_reference,Quality
Dolichophonus loudonensis,Dolichophonus,1,Silurian,Telychian,,438.5,433.4,435.95,gplates,313,mid,-70.2,-12.47,offshore indet.,M. Laurie. 1899. On a Silurian scorpion and some additional eurypterid remains from the Pentland Hills. Transactions of the Royal Society of Edinburgh 39:575-590,High
Palaeophonus caledonicus,Palaeophonus,1,Silurian,Telychian,Sheinwoodian,438.5,430.5,434.5,gplates,313,mid,-68.84,-12.53,marine indet.,"R. I. Pocock. 1901. The Scottish Silurian scorpion. Quarterly Journal of Microscopical Science, New Series 44:291-311",High
Palaeophonus nuncius,Palaeophonus,6,Silurian,Sheinwoodian,,433.4,430.5,431.95,gplates,302,mid,-49.62,-8.7,carbonate indet.,T. Thorell and G. Lindström. 1884. A Silurian scorpion. The Western Daily Press 1884(Dec 17):3,High
Eramoscorpius brucensis,Eramoscorpius,11,Silurian,Wenlock,,433.4,427.4,430.4,gplates,101,mid,-83.05,-26.1,lagoonal/restricted shallow subtidal,"J. B. Waddington, D. M. Rudkin, and J. A. Dunlop. 2015. A new mid-Silurian aquatic scorpion - one step closer to land?. Biology Letters 11:20140815",High
Proscorpius osborni,Proscorpius,7,Silurian,Pridoli,,423,419.2,421.1,gplates,101,mid,-64.06,-25.78,lagoonal/restricted shallow subtidal,E. N. Kjellesvig-Waering. 1986. A restudy of the fossil Scorpionida of the world. Palaeontographica Americana 55:1-287,Low
Proscorpius osborni,Proscorpius,3,Silurian,Pridoli,,423,419.2,421.1,gplates,101,mid,-64.06,-25.78,lagoonal/restricted shallow subtidal,E. N. Kjellesvig-Waering. 1966. Silurian scorpions of New York. Journal of Paleontology 40:359-375,Low
Palaeophonus osborni,Palaeophonus,1,Silurian,Pridoli,,423,419.2,421.1,gplates,101,mid,-64.34,-25.8,lagoonal/restricted shallow subtidal,R. P. Whitfield. 1885. An American Silurian scorpion. Science 6:87-88,High
Proscorpius osborni,Proscorpius,1,Silurian,Pridoli,,423,419.2,421.1,gplates,101,mid,-64.06,-25.78,lagoonal/restricted shallow subtidal,E. N. Kjellesvig-Waering. 1986. A restudy of the fossil Scorpionida of the world. Palaeontographica Americana 55:1-287,Low
Hydroscorpius denisoni,Hydroscorpius,1,Early Devonian,Lochkovian,,419.2,410.8,415,gplates,101,mid,-82.63,-22.21,estuary/bay,E. N. Kjellesvig-Waering. 1986. A restudy of the fossil Scorpionida of the world. Palaeontographica Americana 55:1-288,Low
Acanthoscorpio mucronatus,Acanthoscorpio,1,Early Devonian,Lochkovian,,419.2,410.8,415,gplates,101,mid,-82.63,-22.21,estuary/bay,E. N. Kjellesvig-Waering. 1986. A restudy of the fossil Scorpionida of the world. Palaeontographica Americana 55:1-289,Low
Praearcturus,Praearcturus,1,Early Devonian,Lochkovian,,419.2,410.8,415,gplates,101,mid,-82.63,-22.21,estuary/bay,E. N. Kjellesvig-Waering. 1986. A restudy of the fossil Scorpionida of the world. Palaeontographica Americana 55:1-290,Low
Praearcturus gigas,Praearcturus,4,Early Devonian,Lochkovian,,419.2,410.8,415,gplates,315,mid,-40.73,-8.49,terrestrial indet.,"H. Woodward. 1871. On the remains of a giant isopod Praearcturus gigas (H. Woodward) from the Old Red Sandstone of Rowlestone quarry, Herefordshire. Transactions of the Woolhope Field Naturalist’s Club 1870:266-270",Low 
Brontoscorpio anglicus,Brontoscorpio,1,Early Devonian,Lochkovian,,419.2,410.8,415,gplates,315,mid,-40.76,-7.9,terrestrial indet.,E. N. Kjellesvig-Waering. 1972. Brontoscorpio anglicus: a gigantic lower Paleozoic scorpion from central England. Journal of Paleontology 46:39-42,High
Branchioscorpio richardsoni,Branchioscorpio,1,Early Devonian,Lochkovian,,419.2,410.8,415,gplates,101,mid,-82.63,-22.21,estuary/bay,E. N. Kjellesvig-Waering. 1986. A restudy of the fossil Scorpionida of the world. Palaeontographica Americana 55:1-287,Low
Waeringoscorpio westerwaldensis,Waeringoscorpio,10,Early Devonian,Pragian,,410.8,407.6,409.2,gplates,315,mid,-29.66,-4.95,estuary/bay,"M. Poschmann, J. A. Dunlop, and C. Kamenz, G. Scholtz. 2008. The Lower Devonian scorpion Waeringoscorpio and the respirstory nature of its filamentous structures, with the description of a new species from the Westerwald area, Germany. Paläontologische Zeitschrift 82:418-436",High
Waeringoscorpio hefteri,Waeringoscorpio,3,Early Devonian,Early Emsian,,409.1,402.5,405.8,gplates,315,mid,-27.31,-7.91,estuary/bay,"M. Poschmann, J. A. Dunlop, and C. Kamenz, G. Scholtz. 2008. The Lower Devonian scorpion Waeringoscorpio and the respirstory nature of its filamentous structures, with the description of a new species from the Westerwald area, Germany. Paläontologische Zeitschrift 82:418-436",High
Petaloscorpio bureaui,Petaloscorpio,1,Late Devonian,Frasnian,,382.7,372.2,377.45,gplates,101,mid,-33.7,-28.8,estuary/bay,E. N. Kjellesvig-Waering. 1986. A restudy of the fossil Scorpionida of the world. Palaeontographica Americana 55:1-287,Low
Hubeiscorpio gracilitarsus,Hubeiscorpio,1,Late Devonian,Frasnian,,382.7,372.2,377.45,gplates,611,mid,86.53,-21.72,terrestrial indet.,"D. Walossek, C. S. Li, and C. Brauckmann. 1990. A scorpion from the Upper Devonian of Hubei Province, China (Arachnida, Scorpionida). Neues Jahrbuch für Geologie und Paläontologie, Montashefte 1990(3):169-180",High
Gondwanascorpio emzantsiensis,Gondwanascorpio,2,Late Devonian,Famennian,,372.2,358.9,365.55,gplates,701,mid,-172.54,-62.52,lagoonal,R. W. Gess. 2013. The earliest record of terrestrial animals in Gondwana: a scorpion from the Famennian (Late Devonian) Witpoort Formation of South Africa. African Invertebrates 54:373-379,High
Trachyscorpio squarrosus,Trachyscorpio,3,Late Devonian,Ivorian,,353.8,345.3,349.55,gplates,313,mid,-11.93,-32.07,fluvial-lacustrine indet.,E. N. Kjellesvig-Waering. 1986. A restudy of the fossil Scorpionida of the world. Palaeontographica Americana 55:1-287,Low
Archaeoctonus glaber,Archaeoctonus,2,Early Carboniferous,Chadian,,345.3,345,345.15,gplates,313,mid,-11.3,-31.73,marine indet.,"B. N. Peach. 1883. A new species of fossil scorpions from the Carboniferous rocks of Scotland and the English borders, with a review of the genera Eoscorpius and Mazonia of Messrs Meek and Worthen. Transactions of the Royal Society of Edinburgh 30:397-412",High
Scoloposcorpio cramondensis,Scoloposcorpio,2,Early Carboniferous,Chadian,,345.3,345,345.15,gplates,313,mid,-11.49,-30.84,marine indet.,E. N. Kjellesvig-Waering. 1986. A restudy of the fossil Scorpionida of the world. Palaeontographica Americana 55:1-287,Low
Pseudarchaeoctonus denticulatus,Pseudarchaeoctonus,1,Early Carboniferous,Arundian,,345,342.8,343.9,gplates,313,mid,-11.12,-31.43,marine indet.,E. N. Kjellesvig-Waering. 1986. A restudy of the fossil Scorpionida of the world. Palaeontographica Americana 55:1-288,Low
Gigantoscorpio willsi,Gigantoscorpio,3,Early Carboniferous,Arundian,,345,342.8,343.9,gplates,313,mid,-11.12,-31.43,marine indet.,E. N. Kjellesvig-Waering. 1986. A restudy of the fossil Scorpionida of the world. Palaeontographica Americana 55:1-289,Low
Trachyscorpio,Trachyscorpio,1,Early Carboniferous,Arundian,,345,342.8,343.9,gplates,313,mid,-11.06,-31.52,marine indet.,E. N. Kjellesvig-Waering. 1986. A restudy of the fossil Scorpionida of the world. Palaeontographica Americana 55:1-290,Low
Loboarchaeoctonus squamosus,Loboarchaeoctonus,3,Early Carboniferous,Arundian,,345,342.8,343.9,gplates,313,mid,-11.06,-31.52,marine indet.,E. N. Kjellesvig-Waering. 1986. A restudy of the fossil Scorpionida of the world. Palaeontographica Americana 55:1-291,Low
Anthracochaerilus palustris,Anthracochaerilus,1,Early Carboniferous,Arundian,,345,342.8,343.9,gplates,313,mid,-11.06,-31.52,marine indet.,E. N. Kjellesvig-Waering. 1986. A restudy of the fossil Scorpionida of the world. Palaeontographica Americana 55:1-292,Low
Phoxiscorpio peachi,Phoxiscorpio,1,Early Carboniferous,Arundian,Holkerian,345,339.4,342.2,gplates,313,mid,-10.79,-30.24,marine indet.,E. N. Kjellesvig-Waering. 1986. A restudy of the fossil Scorpionida of the world. Palaeontographica Americana 55:1-293,Low
Centromachus euglyptus,Centromachus,1,Early Carboniferous,Visean,,346.7,330.9,338.8,gplates,315,mid,-8.49,-29.11,marginal marine indet.,"A. J. Jeram. 1994. Scorpions from the Viséan of East Kirkton, West Lothian, Scotland, with a revision of the infraorder Mesoscorpionina. Transactions of the Royal Society of Edinburgh: Earth Sciences 84:283-299",Low
Acanthracochaerilus palustris,Acanthracochaerilus,1,Early Carboniferous,Visean,,346.7,330.9,338.8,gplates,315,mid,-8.49,-29.11,marginal marine indet.,"A. J. Jeram. 1994. Scorpions from the Viséan of East Kirkton, West Lothian, Scotland, with a revision of the infraorder Mesoscorpionina. Transactions of the Royal Society of Edinburgh: Earth Sciences 84:283-299",Low
Gigantoscorpio willsi,Gigantoscorpio,1,Early Carboniferous,Visean,,346.7,330.9,338.8,gplates,315,mid,-8.49,-29.11,marginal marine indet.,"A. J. Jeram. 1994. Scorpions from the Viséan of East Kirkton, West Lothian, Scotland, with a revision of the infraorder Mesoscorpionina. Transactions of the Royal Society of Edinburgh: Earth Sciences 84:283-299",Low
Eskiscorpio parvus,Eskiscorpio,1,Early Carboniferous,Visean,,346.7,330.9,338.8,gplates,315,mid,-8.49,-29.11,marginal marine indet.,"A. J. Jeram. 1994. Scorpions from the Viséan of East Kirkton, West Lothian, Scotland, with a revision of the infraorder Mesoscorpionina. Transactions of the Royal Society of Edinburgh: Earth Sciences 84:283-299",Low
Benniescorpio tuberculatus,Benniescorpio,1,Early Carboniferous,Asbian,,339.4,336,337.7,gplates,313,mid,-8.7,-27.21,marine indet.,"B. N. Peach. 1883. A new species of fossil scorpions from the Carboniferous rocks of Scotland and the English borders, with a review of the genera Eoscorpius and Mazonia of Messrs Meek and Worthen. Transactions of the Royal Society of Edinburgh 30:397-412",High
Archaeoctonus glaber,Archaeoctonus,1,Early Carboniferous,Asbian,,339.4,336,337.7,gplates,313,mid,-8.7,-27.21,marine indet.,"B. N. Peach. 1883. A new species of fossil scorpions from the Carboniferous rocks of Scotland and the English borders, with a review of the genera Eoscorpius and Mazonia of Messrs Meek and Worthen. Transactions of the Royal Society of Edinburgh 30:397-412",High
Pulmonoscorpius,Pulmonoscorpius,2,Early Carboniferous,Brigantian,,336,326.4,331.2,gplates,313,mid,-4.83,-20.31,terrestrial indet.,"A. J. Jeram. 1994. Scorpions from the Viséan of East Kirkton, West Lothian, Scotland, with a revision of the infraorder Mesoscorpionina. Transactions of the Royal Society of Edinburgh: Earth Sciences 84:283-299",Low
Pulmonoscorpius kirktonensis,Pulmonoscorpius,2,Early Carboniferous,Brigantian,,336,326.4,331.2,gplates,313,mid,-4.83,-20.31,lacustrine - large,"A. J. Jeram. 1994. Scorpions from the Viséan of East Kirkton, West Lothian, Scotland, with a revision of the infraorder Mesoscorpionina. Transactions of the Royal Society of Edinburgh: Earth Sciences 84:283-299",Low
Eoscorpius bornaensis,Eoscorpius,1,Early Carboniferous,Brigantian,,336,326.4,331.2,gplates,305,mid,9.84,-23.56,pond,J. T. Sterzel. 1918. Die organischen Reste des Kulms und Rotliegenden der Gegend von Chemnitz. Abhandlungen der Mathematische-Physischen Klasse der Sächsischen Akademie der Wissenschaften 53:203-315,Low
Waterstonia brachistodactyla,Waterstonia,1,Early Carboniferous,Pendleian,,326.4,318.1,322.25,gplates,313,mid,-0.49,-9.92,terrestrial indet.,E. N. Kjellesvig-Waering. 1986. A restudy of the fossil Scorpionida of the world. Palaeontographica Americana 55:1-287,Low
Labriscorpio alliedensis,Waeringoscorpio,1,Late Carboniferous,Bashkirian,,323.2,315.2,319.2,gplates,101,mid,-31.87,-12.48,terrestrial indet.,"R. L. Leary. 1980. Labriscorpio alliedensis: a new Carboniferous scorpion from Rock Island County, Illinois. Journal of Paleontology 54:1255-1257",High
Anthracoscorpio dunlopi,Anthracoscorpio,2,Late Carboniferous,Westphalian A,,318.1,314.6,316.35,gplates,313,mid,3.42,-3.07,terrestrial indet.,R. I. Pocock. 1911. A Monograph of the Terrestrial Carboniferous Arachnida of Great Britain,High
Compsoscorpius buthiformis,Compsoscorpius,1,Late Carboniferous,Westphalian A,,318.1,314.6,316.35,gplates,315,mid,4.71,-5.21,delta plain,R. I. Pocock. 1911. A Monograph of the Terrestrial Carboniferous Arachnida of Great Britain,High
Eobuthus holti,Eobuthus,1,Late Carboniferous,Westphalian A,,318.1,314.6,316.35,gplates,315,mid,4.71,-5.21,delta plain,R. I. Pocock. 1911. A Monograph of the Terrestrial Carboniferous Arachnida of Great Britain,High
Eoscorpius sparthensis,Eoscorpius,1,Late Carboniferous,Westphalian A,,318.1,314.6,316.35,gplates,315,mid,4.71,-5.21,delta plain,"W. Baldwin and W. H. Sutcliffe. 1904. Eoscorpius sparthensis sp. nov., from the Middle Coal-Measures of Lancashire. Quarterly Journal of the Geological Society 60:394-399",High
Mazonia acadica,Mazonia,1,Late Carboniferous,Westphalian A,,318.1,314.6,316.35,gplates,108,mid,-10.29,-13.31,mire/swamp,"S. H. Scudder. 1895. Canadian fossil insects, myriapods and arachnids, 3. Notes upon myriapods and arachnids found in sigillarian stumps in the Nova Scotia coal field. Geological Survey of Canada Contributions to Canadian Palaeontology 2(1):57-66",Medium
Mazonia,Mazonia,1,Late Carboniferous,Westphalian A,,318.1,314.6,316.35,gplates,108,mid,-10.29,-13.31,mire/swamp,"S. H. Scudder. 1895. Canadian fossil insects, myriapods and arachnids, 3. Notes upon myriapods and arachnids found in sigillarian stumps in the Nova Scotia coal field. Geological Survey of Canada Contributions to Canadian Palaeontology 2(1):57-66",Medium
Mazonia wardingleyi,Mazonia,1,Late Carboniferous,Westphalian A,,318.1,314.6,316.35,gplates,315,mid,4.71,-5.21,delta plain,"H. Woodward. 1907. Further notes on the Arthropoda of the British Coal-Measures. The Geological Magazine, New Series, Decade V 4:539-549",High
Heloscorpio sutcliffei,Heloscorpio,1,Late Carboniferous,Westphalian A,,318.1,314.6,316.35,gplates,315,mid,4.71,-5.21,delta plain,"H. Woodward. 1907. Further notes on the Arthropoda of the British Coal-Measures. The Geological Magazine, New Series, Decade V 4:539-549",High
Aspiscorpio eagari,Aspiscorpio,1,Late Carboniferous,Westphalian A,,318.1,314.6,316.35,gplates,315,mid,4.71,-5.21,delta plain,E. N. Kjellesvig-Waering. 1986. A restudy of the fossil Scorpionida of the world. Palaeontographica Americana 55:1-287,Low
Garnettius,Garnettius,1,Late Carboniferous,Westphalian A,,318.1,314.6,316.35,gplates,313,mid,3.42,-3.07,terrestrial indet.,E. N. Kjellesvig-Waering. 1986. A restudy of the fossil Scorpionida of the world. Palaeontographica Americana 55:1-288,Low
Eobuthus,Eobuthus,1,Late Carboniferous,Westphalian A,Westphalian B,318.1,314.6,316.35,gplates,315,mid,10.16,-6.79,terrestrial indet.,E. N. Kjellesvig-Waering. 1986. A restudy of the fossil Scorpionida of the world. Palaeontographica Americana 55:1-289,Low
Eoscorpius mucronatus,Eoscorpius,1,Late Carboniferous,Westphalian A,,318.1,314.6,316.35,gplates,315,mid,5.1,-5.22,terrestrial indet.,E. N. Kjellesvig-Waering. 1986. A restudy of the fossil Scorpionida of the world. Palaeontographica Americana 55:1-290,Low
Eoscorpius casei,Eoscorpius,1,Late Carboniferous,Westphalian A,,318.1,314.6,316.35,gplates,108,mid,-10.31,-13.64,terrestrial indet.,E. N. Kjellesvig-Waering. 1986. A restudy of the fossil Scorpionida of the world. Palaeontographica Americana 55:1-291,Low
Benniescorpio tuberculatus,Benniescorpio,1,Late Carboniferous,Westphalian A,,318.1,314.6,316.35,gplates,313,mid,3.82,-2.79,terrestrial indet.,E. N. Kjellesvig-Waering. 1986. A restudy of the fossil Scorpionida of the world. Palaeontographica Americana 55:1-292,Low
Isobuthus pottsvillensis,Isobuthus,1,Late Carboniferous,Westphalian A,Westphalian B,318.1,314.6,316.35,gplates,101,mid,-28.58,-13.27,terrestrial indet.,"J. I. Moore. 1923. A review of the present knowledge of fossil scorpions with the description of a new species from the Pottsville Formation of Clay County, Indiana. Proceedings of the Indiana Academy of Science 38:125-134",High
Waterstonia aidriensis,Waterstonia,1,Late Carboniferous,Westphalian A,,318.1,314.6,316.35,gplates,313,mid,3.38,-3.09,terrestrial indet.,E. N. Kjellesvig-Waering. 1986. A restudy of the fossil Scorpionida of the world. Palaeontographica Americana 55:1-287,Low
Compsoscorpius buthiformis,Compsoscorpius,1,Late Carboniferous,Westphalian A,,318.1,314.6,316.35,gplates,315,mid,4.87,-5.54,mire/swamp,A. J. Jeram. 1994. Carboniferous Orthosterni and their relationships to living scorpions. Palaeontology 37:513-550,High
Compsoscorpius buthiformis,Compsoscorpius,7,Late Carboniferous,Westphalian A,,318.1,314.6,316.35,gplates,315,mid,4.77,-5.28,terrestrial indet.,A. J. Jeram. 1994. Carboniferous Orthosterni and their relationships to living scorpions. Palaeontology 37:513-550,High
Compsoscorpius buthiformis,Compsoscorpius,1,Late Carboniferous,Westphalian A,,318.1,314.6,316.35,gplates,315,mid,4.83,-4.08,terrestrial indet.,A. J. Jeram. 1994. Carboniferous Orthosterni and their relationships to living scorpions. Palaeontology 37:513-550,High
Gymnoscorpius mutillidigitus,Gymnoscorpius,1,Late Carboniferous,Westphalian A,,318.1,314.6,316.35,gplates,315,mid,4.43,-5.33,terrestrial indet.,A. J. Jeram. 1994. Carboniferous Orthosterni and their relationships to living scorpions. Palaeontology 37:513-550,High
Compsoscorpius buthiformis,Compsoscorpius,27,Late Carboniferous,Westphalian A,,318.1,314.6,316.35,gplates,315,mid,4.43,-5.33,terrestrial indet.,A. J. Jeram. 1994. Carboniferous Orthosterni and their relationships to living scorpions. Palaeontology 37:513-550,High
Compsoscorpius buthiformis,Compsoscorpius,1,Late Carboniferous,Westphalian B,,314.6,314.6,314.6,gplates,315,mid,5.53,-5.21,interdistributary bay,E. N. Kjellesvig-Waering. 1986. A restudy of the fossil Scorpionida of the world. Palaeontographica Americana 55:1-287,Low
Paraisobuthus duobicarinatus,Paraisobuthus,1,Late Carboniferous,Westphalian B,,314.6,314.6,314.6,gplates,315,mid,5.92,-4.71,delta plain,E. N. Kjellesvig-Waering. 1986. A restudy of the fossil Scorpionida of the world. Palaeontographica Americana 55:1-288,Low
Compsoscorpius buthiformis,Compsoscorpius,4,Late Carboniferous,Westphalian B,,314.6,314.6,314.6,gplates,315,mid,5.53,-5.21,interdistributary bay,E. N. Kjellesvig-Waering. 1986. A restudy of the fossil Scorpionida of the world. Palaeontographica Americana 55:1-289,Low
Compsoscorpius buthiformis,Compsoscorpius,1,Late Carboniferous,Westphalian B,,314.6,314.6,314.6,gplates,315,mid,5.53,-5.21,interdistributary bay,A. I. Petrunkevitch. 1949. A study of the structure classification and relationships of the Palaeozoic Arachnida based on the collections of the British Museum. Transactions of the Connecticut Academy of Arts and Sciences 37:69-315,Low
Compsoscorpius buthiformis,Compsoscorpius,1,Late Carboniferous,Westphalian B,,314.6,314.6,314.6,gplates,315,mid,5.95,-4.75,deltaic indet.,"L. J. Wills. 1960. The external anatomy of some Carboniferous ""scorpions"" part 2. Palaeontology 3:276-332",High
Compsoscorpius buthiformis,Compsoscorpius,1,Late Carboniferous,Westphalian B,,314.6,314.6,314.6,gplates,315,mid,5.53,-5.21,interdistributary bay,A. I. Petrunkevitch. 1949. A study of the structure classification and relationships of the Palaeozoic Arachnida based on the collections of the British Museum. Transactions of the Connecticut Academy of Arts and Sciences 37:69-315,Low
Compsoscorpius buthiformis,Compsoscorpius,1,Late Carboniferous,Westphalian B,,314.6,314.6,314.6,gplates,315,mid,5.53,-5.21,interdistributary bay,E. N. Kjellesvig-Waering. 1986. A restudy of the fossil Scorpionida of the world. Palaeontographica Americana 55:1-287,Low
Cyclophthalmus robustus,Cyclophthalmus,1,Late Carboniferous,Westphalian B,,314.6,314.6,314.6,gplates,315,mid,5.53,-5.21,interdistributary bay,E. N. Kjellesvig-Waering. 1986. A restudy of the fossil Scorpionida of the world. Palaeontographica Americana 55:1-288,Low
Eoscorpius pulcher,Eoscorpius,2,Late Carboniferous,Westphalian B,,314.6,314.6,314.6,gplates,315,mid,5.33,-2.8,delta plain,A. I. Petrunkevitch. 1949. A study of the structure classification and relationships of the Palaeozoic Arachnida based on the collections of the British Museum. Transactions of the Connecticut Academy of Arts and Sciences 37:69-315,Low
Eoscorpius mucronatus,Eoscorpius,1,Late Carboniferous,Westphalian B,,314.6,314.6,314.6,gplates,315,mid,5.33,-2.8,delta plain,A. I. Petrunkevitch. 1949. A study of the structure classification and relationships of the Palaeozoic Arachnida based on the collections of the British Museum. Transactions of the Connecticut Academy of Arts and Sciences 37:69-315,Low
Eoscorpius distinctus,Eoscorpius,1,Late Carboniferous,Westphalian B,,314.6,314.6,314.6,gplates,315,mid,5.53,-5.21,interdistributary bay,E. N. Kjellesvig-Waering. 1986. A restudy of the fossil Scorpionida of the world. Palaeontographica Americana 55:1-287,Low
Pareobuthus salopiensis,Pareobuthus,1,Late Carboniferous,Westphalian B,,314.6,314.6,314.6,gplates,315,mid,4.89,-4.93,terrestrial indet.,"L. J. Wills. 1959. The external anatomy of some Carboniferous ""scorpions"" part 1. Palaeontology 1:261-282",High
Wattisonia coseleyensis,Wattisonia,1,Late Carboniferous,Westphalian B,,314.6,314.6,314.6,gplates,315,mid,5.53,-5.21,interdistributary bay,"L. J. Wills. 1960. The external anatomy of some Carboniferous ""scorpions"" part 2. Palaeontology 3:276-332",High
Compsoscorpius buthiformis,Compsoscorpius,7,Late Carboniferous,Westphalian B,,314.6,314.6,314.6,gplates,315,mid,5.73,-3.94,terrestrial indet.,A. J. Jeram. 1994. Carboniferous Orthosterni and their relationships to living scorpions. Palaeontology 37:513-550,High
Gymnoscorpius mutillidigitus,Gymnoscorpius,1,Late Carboniferous,Westphalian B,,314.6,314.6,314.6,gplates,315,mid,5.73,-3.94,terrestrial indet.,A. J. Jeram. 1994. Carboniferous Orthosterni and their relationships to living scorpions. Palaeontology 37:513-550,High
Compsoscorpius buthiformis,Compsoscorpius,24,Late Carboniferous,Westphalian B,,314.6,314.6,314.6,gplates,315,mid,5.73,-3.94,terrestrial indet.,A. J. Jeram. 1994. Carboniferous Orthosterni and their relationships to living scorpions. Palaeontology 37:513-550,High
Gymnoscorpius mutillidigitus,Gymnoscorpius,3,Late Carboniferous,Westphalian B,,314.6,314.6,314.6,gplates,315,mid,5.73,-3.94,terrestrial indet.,A. J. Jeram. 1994. Carboniferous Orthosterni and their relationships to living scorpions. Palaeontology 37:513-550,High
Compsoscorpius buthiformis,Compsoscorpius,17,Late Carboniferous,Westphalian B,,314.6,314.6,314.6,gplates,315,mid,5.73,-3.94,terrestrial indet.,A. J. Jeram. 1994. Carboniferous Orthosterni and their relationships to living scorpions. Palaeontology 37:513-550,High
Gymnoscorpius mutillidigitus,Gymnoscorpius,3,Late Carboniferous,Westphalian B,,314.6,314.6,314.6,gplates,315,mid,5.75,-3.96,mire/swamp,A. J. Jeram. 1994. Carboniferous Orthosterni and their relationships to living scorpions. Palaeontology 37:513-550,High
Compsoscorpius buthiformis,Compsoscorpius,11,Late Carboniferous,Westphalian B,,314.6,314.6,314.6,gplates,315,mid,5.75,-3.96,mire/swamp,A. J. Jeram. 1994. Carboniferous Orthosterni and their relationships to living scorpions. Palaeontology 37:513-550,High
Compsoscorpius buthiformis,Compsoscorpius,4,Late Carboniferous,Westphalian B,,314.6,314.6,314.6,gplates,315,mid,5.89,-3.88,mire/swamp,A. J. Jeram. 1994. Carboniferous Orthosterni and their relationships to living scorpions. Palaeontology 37:513-550,High
Palaeomachus anglicus,Palaeomachus,1,Late Carboniferous,Westphalian B,,314.6,314.6,314.6,gplates,315,mid,5.6,-5.23,terrestrial indet.,H. Woodward. 1876. On the discovery of a fossil scorpion in the British Coal-measures. Quarterly Journal of the Geological Society 32:57-59,High
Compsoscorpius buthiformis,Compsoscorpius,1,Late Carboniferous,Westphalian B,,314.6,314.6,314.6,gplates,315,mid,5.53,-5.21,interdistributary bay,A. I. Petrunkevitch. 1949. A study of the structure classification and relationships of the Palaeozoic Arachnida based on the collections of the British Museum. Transactions of the Connecticut Academy of Arts and Sciences 37:69-315,Low
Eoscorpius,Eoscorpius,1,Late Carboniferous,Westphalian B,,314.6,314.6,314.6,gplates,315,mid,5.7,-4.06,delta plain,A. I. Petrunkevitch. 1949. A study of the structure classification and relationships of the Palaeozoic Arachnida based on the collections of the British Museum. Transactions of the Connecticut Academy of Arts and Sciences 37:69-315,Low
Eoscorpius distinctus,Eoscorpius,1,Late Carboniferous,Westphalian B,,314.6,314.6,314.6,gplates,315,mid,5.53,-5.21,interdistributary bay,A. I. Petrunkevitch. 1949. A study of the structure classification and relationships of the Palaeozoic Arachnida based on the collections of the British Museum. Transactions of the Connecticut Academy of Arts and Sciences 37:69-315,Low
Cyclophthalmus senior,Cyclophthalmus,1,Late Carboniferous,Westphalian C,,314.6,311.45,313.025,gplates,305,mid,17.94,-3.27,terrestrial indet.,A. J. C. Corda. 1835. Ueber den in der Steinkohlenformation bei Cholme gefundenen fossilen Scorpion. Verhandlungen der Gesellschaft des Vaterländischen Museums in Böhmen,Low
Microlabis sternbergii,Microlabis,1,Late Carboniferous,Westphalian C,,314.6,311.45,313.025,gplates,305,mid,17.94,-3.27,terrestrial indet.,A. J. C. Corda. 1839. Uiber eine fossile Gattung der Afterscorpione. Verhandlungen der Gesellschaft des Vaterländischen Museums in Böhmen 1839:14-18,Medium
Isobuthus kralupensis,Isobuthus,1,Late Carboniferous,Westphalian C,,314.6,311.45,313.025,gplates,305,mid,18.2,-2.76,terrestrial indet.,"T. Thorell and G. Lindström. 1885. On a Silurian scorpion from Gotland. Kongliga Svenska Vetenskaps-Akademiens Handlingar, Ny Följd 21(9):1-33",Low
Eobuthus cordai,Eobuthus,2,Late Carboniferous,Westphalian C,,314.6,311.45,313.025,gplates,305,mid,18.2,-2.76,terrestrial indet.,E. N. Kjellesvig-Waering. 1986. A restudy of the fossil Scorpionida of the world. Palaeontographica Americana 55:1-287,Low
Paraisobuthus prantli,Paraisobuthus,1,Late Carboniferous,Westphalian C,,314.6,311.45,313.025,gplates,305,mid,17.91,-3.03,terrestrial indet.,E. N. Kjellesvig-Waering. 1986. A restudy of the fossil Scorpionida of the world. Palaeontographica Americana 55:1-288,Low
Paraisobuthus frici,Paraisobuthus,3,Late Carboniferous,Westphalian C,,314.6,311.45,313.025,gplates,305,mid,18.2,-2.76,terrestrial indet.,E. N. Kjellesvig-Waering. 1986. A restudy of the fossil Scorpionida of the world. Palaeontographica Americana 55:1-289,Low
Aspiscorpio,Aspiscorpio,1,Late Carboniferous,Westphalian C,,314.6,311.45,313.025,gplates,315,mid,12.97,-5.23,terrestrial indet.,M. Poschmann. 2009. Ein fossiler Skorpion aus dem Oberkarbon (Westfalium C) des Saar-Nahe-Beckens (SW-Deutschland). Mitteilungen der Pollichia 94:5-10,High
Palaeomachus anglicus,Palaeomachus,1,Late Carboniferous,Westphalian,,318.1,306.95,312.525,gplates,315,mid,7.14,-2.49,deltaic indet.,H. Woodward. 1876. On the discovery of a fossil scorpion in the British Coal-measures. Quarterly Journal of the Geological Society 32:57-59,High
Eobuthus rakovnicensis,Eobuthus,1,Late Carboniferous,Moscovian,,315.2,307,311.1,gplates,305,mid,18.86,-0.99,terrestrial indet.,A. Fritsch. 1904. Palaeozoische Arachniden. Prague: Selbstverlag.,Low
Anthracoscorpio juvenis,Anthracoscorpio,1,Late Carboniferous,Moscovian,,315.2,307,311.1,gplates,305,mid,18.86,-0.99,terrestrial indet.,J. Kušta. 1889. O nových arachnidech z karbonu Rakovnického. Sitzungsberichte der Königlich Böhmischen Gesellschaft der Wissenschaften in Prag 1888:194-208,Low
Isobuthus nyranensis,Isobuthus,1,Late Carboniferous,Moscovian,,315.2,307,311.1,gplates,305,mid,18.69,-1.47,lacustrine indet.,A. Fritsch. 1904. Palaeozoische Arachniden. Prague: Selbstverlag.,Low
Boreoscorpio copelandi,Boreoscorpio,1,Late Carboniferous,Westphalian C,Westphalian D,314.6,306.95,310.775,gplates,108,mid,-5.73,-8.68,terrestrial indet.,E. N. Kjellesvig-Waering. 1986. A restudy of the fossil Scorpionida of the world. Palaeontographica Americana 55:1-287,Low
Eoscorpius carbonarius,Eoscorpius,1,Late Carboniferous,Westphalian C,Westphalian D,314.6,306.95,310.775,gplates,315,mid,14.05,0.03,lacustrine deltaic indet.,"J. A. Dunlop, C. Brauckmann, and H. Steur. 2008. A Late Carboniferous fossil scorpion from the Piesberg, near Osnabrück, Germany. Fossil Record 11:25-32",High
Palaeobuthus distinctus,Palaeobuthus,1,Late Carboniferous,Westphalian D,,311.45,306.95,309.2,gplates,101,mid,-23.47,-4.94,deltaic indet.,E. N. Kjellesvig-Waering. 1986. A restudy of the fossil Scorpionida of the world. Palaeontographica Americana 55:1-287,Low
Eoscorpius carbonarius,Eoscorpius,1,Late Carboniferous,Westphalian D,,311.45,306.95,309.2,gplates,101,mid,-23.47,-4.94,deltaic indet.,A. I. Petrunkevitch. 1913. A monograph of the terrestrial Palaeozoic Arachnida of North America. Transactions of the Connecticut Acadamy of Arts and Sciences 18:1-137,Low
Palaeopisthacanthus schucherti,Palaeopisthacanthus,1,Late Carboniferous,Westphalian D,,311.45,306.95,309.2,gplates,101,mid,-23.47,-4.94,deltaic indet.,A. I. Petrunkevitch. 1913. A monograph of the terrestrial Palaeozoic Arachnida of North America. Transactions of the Connecticut Acadamy of Arts and Sciences 18:1-137,Low
Eoctonus miniatus,Eoctonus,1,Late Carboniferous,Westphalian D,,311.45,306.95,309.2,gplates,101,mid,-23.47,-4.94,deltaic indet.,A. I. Petrunkevitch. 1913. A monograph of the terrestrial Palaeozoic Arachnida of North America. Transactions of the Connecticut Acadamy of Arts and Sciences 18:1-138,Low
Palaeobuthus distinctus,Palaeobuthus,2,Late Carboniferous,Westphalian D,,311.45,306.95,309.2,gplates,101,mid,-23.47,-4.94,deltaic indet.,A. I. Petrunkevitch. 1913. A monograph of the terrestrial Palaeozoic Arachnida of North America. Transactions of the Connecticut Acadamy of Arts and Sciences 18:1-139,Low
Eoscorpius carbonarius,Eoscorpius,4,Late Carboniferous,Westphalian D,,311.45,306.95,309.2,gplates,101,mid,-23.47,-4.94,interdistributary bay,A. I. Petrunkevitch. 1913. A monograph of the terrestrial Palaeozoic Arachnida of North America. Transactions of the Connecticut Acadamy of Arts and Sciences 18:1-140,Low
Kronoscorpio danielsi,Kronoscorpio,1,Late Carboniferous,Westphalian D,,311.45,306.95,309.2,gplates,101,mid,-23.47,-4.94,interdistributary bay,A. I. Petrunkevitch. 1913. A monograph of the terrestrial Palaeozoic Arachnida of North America. Transactions of the Connecticut Acadamy of Arts and Sciences 18:1-141,Low
Eoscorpius carbonarius,Eoscorpius,1,Late Carboniferous,Westphalian D,,311.45,306.95,309.2,gplates,101,mid,-23.47,-4.94,deltaic indet.,"F. B. Meek and A. H. Worthen. 1868. Preliminary notice of a scorpion, a Eurypterus? and other fossils from the Coal-measures of Illinois. The American Journal of Science and Arts, Second Series 46:19-28",Medium
Mazonia woodiana,Mazonia,1,Late Carboniferous,Westphalian D,,311.45,306.95,309.2,gplates,101,mid,-23.47,-4.94,deltaic indet.,F. B. Meek and A. H. Worthen. 1868. Part II. Palaeontology. Geological Survey of Illinois 3:291-565,Medium
Mazonia woodiana,Mazonia,1,Late Carboniferous,Westphalian D,,311.45,306.95,309.2,gplates,101,mid,-23.41,-5.11,deltaic indet.,E. N. Kjellesvig-Waering. 1986. A restudy of the fossil Scorpionida of the world. Palaeontographica Americana 55:1-287,Low
Eoctonus miniatus,Eoctonus,2,Late Carboniferous,Westphalian D,,311.45,306.95,309.2,gplates,101,mid,-23.41,-5.11,deltaic indet.,E. N. Kjellesvig-Waering. 1986. A restudy of the fossil Scorpionida of the world. Palaeontographica Americana 55:1-288,Low
Buthiscorpius lemayi,Buthiscorpius,1,Late Carboniferous,Westphalian D,,311.45,306.95,309.2,gplates,101,mid,-23.39,-5.01,deltaic indet.,E. N. Kjellesvig-Waering. 1986. A restudy of the fossil Scorpionida of the world. Palaeontographica Americana 55:1-289,Low
Anthracoscorpio,Anthracoscorpio,1,Late Carboniferous,Westphalian D,,311.45,306.95,309.2,gplates,101,mid,-23.47,-4.94,deltaic indet.,E. N. Kjellesvig-Waering. 1986. A restudy of the fossil Scorpionida of the world. Palaeontographica Americana 55:1-290,Low
Palaeobuthus distinctus,Palaeobuthus,1,Late Carboniferous,Westphalian D,,311.45,306.95,309.2,gplates,101,mid,-23.47,-4.94,interdistributary bay,"L. J. Wills. 1960. The external anatomy of some Carboniferous ""scorpions"" part 2. Palaeontology 3:276-332",High
Eoscorpius carbonarius,Eoscorpius,2,Late Carboniferous,Westphalian D,,311.45,306.95,309.2,gplates,101,mid,-23.42,-5.1,deltaic indet.,E. N. Kjellesvig-Waering. 1986. A restudy of the fossil Scorpionida of the world. Palaeontographica Americana 55:1-287,Low
Kronoscorpio danielsi,Kronoscorpio,1,Late Carboniferous,Westphalian D,,311.45,306.95,309.2,gplates,101,mid,-23.41,-5.11,deltaic indet.,E. N. Kjellesvig-Waering. 1986. A restudy of the fossil Scorpionida of the world. Palaeontographica Americana 55:1-288,Low
Paraisobuthus virginiae,Paraisobuthus,1,Late Carboniferous,Westphalian D,,311.45,306.95,309.2,gplates,101,mid,-23.47,-4.94,deltaic indet.,E. N. Kjellesvig-Waering. 1986. A restudy of the fossil Scorpionida of the world. Palaeontographica Americana 55:1-289,Low
Telmatoscorpio brevipectus,Telmatoscorpio,1,Late Carboniferous,Westphalian D,,311.45,306.95,309.2,gplates,101,mid,-23.47,-4.94,deltaic indet.,E. N. Kjellesvig-Waering. 1986. A restudy of the fossil Scorpionida of the world. Palaeontographica Americana 55:1-290,Low
Titanoscorpio douglassi,Titanoscorpio,3,Late Carboniferous,Westphalian D,,311.45,306.95,309.2,gplates,101,mid,-23.41,-5.11,deltaic indet.,E. N. Kjellesvig-Waering. 1986. A restudy of the fossil Scorpionida of the world. Palaeontographica Americana 55:1-291,Low
Palaeopisthacanthus schucherti,Palaeopisthacanthus,7,Late Carboniferous,Westphalian D,,311.45,306.95,309.2,gplates,101,mid,-24.87,-5.13,mire/swamp,A. J. Jeram. 1994. Carboniferous Orthosterni and their relationships to living scorpions. Palaeontology 37:513-550,High
Garnettius hungerfordi,Garnettius,1,Latest Carboniferous,Kasimovian,,307,303.7,305.35,gplates,101,mid,-27.5,-2.29,estuary/bay,"R. C. Moore, M. K. Elias, and N. D. Newell. 1936. A ""Permian"" flora from the Pennsylvanian rocks of Kansas. Journal of Geology 44:1-31",Low
Cyclophthalmus sibiricus,Cyclophthalmus,1,Latest Carboniferous,Stephanian A,,305.9,304.8,305.35,gplates,401,mid,67.14,40.87,terrestrial indet.,N. Novojilov and L. Størmer. 1963. A new scorpion from the Upper Carboniferous of Siberia. Norsk Geologisk Tidsskrift 43:83-87,High
Palaeopisthacanthus vogelandurdeni,Palaeopisthacanthus,1,Latest Carboniferous,Kasimovian,,307,303.7,305.35,gplates,101,mid,-27.28,-1.85,estuary/bay,A. J. Jeram. 1994. Carboniferous Orthosterni and their relationships to living scorpions. Palaeontology 37:513-550,High
Cryptoscorpius americanus,Cryptoscorpius,44,Latest Carboniferous,Kasimovian,,307,303.7,305.35,gplates,101,mid,-27.28,-1.85,estuary/bay,A. J. Jeram. 1994. Carboniferous Orthosterni and their relationships to living scorpions. Palaeontology 37:513-550,High
Corniops mapesii,Corniops,1,Latest Carboniferous,Kasimovian,,307,303.7,305.35,gplates,101,mid,-27.28,-1.85,estuary/bay,A. J. Jeram. 1994. Carboniferous Orthosterni and their relationships to living scorpions. Palaeontology 37:513-550,High
Eoscorpius,Eoscorpius,1,Latest Carboniferous,Stephanian C,,303.4,301.2,302.3,gplates,305,mid,17.17,-2.64,wet floodplain,"M. Poschmann, J. A. Dunlop, and O. Béthoux, J. Galtier. 2016. Carboniferous arachnids from the Graissessac Basin, Central Massif, France. PalZ 90:33-48",High
Compsoscorpius,Compsoscorpius,1,Latest Carboniferous,Stephanian C,,303.4,301.2,302.3,gplates,305,mid,17.17,-2.64,wet floodplain,"M. Poschmann, J. A. Dunlop, and O. Béthoux, J. Galtier. 2016. Carboniferous arachnids from the Graissessac Basin, Central Massif, France. PalZ 90:33-48",High
Feistmantelia ornata,Feistmantelia,1,Latest Carboniferous,Gzhelian,,303.7,298.9,301.3,gplates,305,mid,23.02,6.07,terrestrial indet.,A. Fritsch. 1904. Palaeozoische Arachniden. Prague: Selbstverlag.,Low
Eoscorpius,Eoscorpius,1,Latest Carboniferous,Asselian,,298.9,295.5,297.2,gplates,305,mid,17.4,1.32,terrestrial indet.,F. Laurentiaux-Vieira and D. Laurentiaux. 1963. Sur quelques restes noveaux d'Arachnides du terrain houiller. Annales de la Société Géologique du Nord 83:23-29,Low
Eoscorpius,Eoscorpius,1,Latest Carboniferous,Asselian,,298.9,295.5,297.2,gplates,604,mid,120.05,24.49,mire/swamp,"X. J. Lei, W. M. Zhou, and M. L. Wan, H. B. Wei, B. Wang. 2020. A new scorpion from a Permian peat swamp in Inner Mongolia, China. Proceedings of the Geologists' Association 131:160-167",HIgh
Opsieobuthus tungeri,Opsieobuthus,4,Early Permian,Sakmarian,Artinskian,295.5,279.3,287.4,gplates,305,mid,23.1,7.8,dry floodplain,"J. A. Dunlop, D. A. Legg, and P. A. Selden, V. Fet, J. W. Schneider, R. Rößler. 2016. Permian scorpions from the Petrified Forest of Chemnitz, Germany. BMC Evolutionary Biology 16(72):1-16",High
Permomatveevia perneri,Permomatveevia,1,Early Permian,Kungurian,,279.3,272.3,275.8,gplates,302,mid,44.64,29.57,deltaic indet.,"M. Dammann. 2017. Permomatveevia perneri nov. gen. n. sp., an Early Permian scorpion from Russian Angara-Land.  In M. Wachtler, T. Perner (eds.), Early Permian Origin and Evolution of Angiosperms - The Flowering of Angara-Land. Portland: Oregon Institute of Geological Research.",Medium
Willsiscorpio bromsgroviensis,Willsiscorpio,23,Middle Triassic,Anisian,,247.2,242,244.6,gplates,315,mid,19.96,29.55,pond,"L. J. Wills. 1910. On the fossiliferous lower Keuper rocks of Worcestershire, with descriptions of some of the plants and animals discovered therein. Proceedings of the Geologists' Association 21:249-331",High
Stenoscorpio gracilis,Stenoscorpio,14,Middle Triassic,Anisian,,247.2,242,244.6,gplates,315,mid,19.96,29.55,pond,"L. J. Wills. 1910. On the fossiliferous lower Keuper rocks of Worcestershire, with descriptions of some of the plants and animals discovered therein. Proceedings of the Geologists' Association 21:249-331",High
Stenoscorpio pseudogracilis,Stenoscorpio,14,Middle Triassic,Anisian,,247.2,242,244.6,gplates,315,mid,19.96,29.55,pond,E. N. Kjellesvig-Waering. 1986. A restudy of the fossil Scorpionida of the world. Palaeontographica Americana 55:1-287,Low
Mesophonus perornatus,Mesophonus,30,Middle Triassic,Anisian,,247.2,242,244.6,gplates,315,mid,19.96,29.55,pond,"L. J. Wills. 1910. On the fossiliferous lower Keuper rocks of Worcestershire, with descriptions of some of the plants and animals discovered therein. Proceedings of the Geologists' Association 21:249-331",High
Mesophonus pulcherrimus,Mesophonus,2,Middle Triassic,Anisian,,247.2,242,244.6,gplates,315,mid,19.96,29.55,pond,"L. J. Wills. 1910. On the fossiliferous lower Keuper rocks of Worcestershire, with descriptions of some of the plants and animals discovered therein. Proceedings of the Geologists' Association 21:249-331",High
Mesophonus perornatus,Mesophonus,3,Middle Triassic,Anisian,,247.2,242,244.6,gplates,315,mid,19.96,29.55,pond,E. N. Kjellesvig-Waering. 1986. A restudy of the fossil Scorpionida of the world. Palaeontographica Americana 55:1-287,Low
Spongiophonus pustulosus,Spongiophonus,4,Middle Triassic,Anisian,,247.2,242,244.6,gplates,315,mid,19.96,29.55,pond,E. N. Kjellesvig-Waering. 1986. A restudy of the fossil Scorpionida of the world. Palaeontographica Americana 55:1-287,Low
Bromsgroviscorpio willsi,Bromsgroviscorpio,1,Middle Triassic,Anisian,,247.2,242,244.6,gplates,315,mid,19.96,29.55,pond,E. N. Kjellesvig-Waering. 1986. A restudy of the fossil Scorpionida of the world. Palaeontographica Americana 55:1-287,Low
Protobuthus elegans,Protobuthus,2,Middle Triassic,Aegean,,247.2,242,244.6,gplates,305,mid,27.28,27.17,delta plain,W. R. Lourenço and J. C. Gall. 2004. Fossil scorpions from the Buntsandstein (Early Triassic) of France. Comptes Rendus Palevol 3:369-378,High
Gallioscorpio voltzi,Gallioscorpio,1,Middle Triassic,Aegean,,247.2,242,244.6,gplates,305,mid,27.28,27.17,delta plain,W. R. Lourenço and J. C. Gall. 2004. Fossil scorpions from the Buntsandstein (Early Triassic) of France. Comptes Rendus Palevol 3:369-378,High
Protobuthus ziliolii,Protobuthus,1,Middle Triassic,Illyrian,Fassanian,247.2,235,241.1,gplates,307,mid,34.36,11.44,lagoonal/restricted shallow subtidal,"M. Viaretti, G. Bindellini, and C. Dal Sasso. 2023. A new Mesozoic scorpion from the Besano Formation (Middle Triassic, Monte San Giorgio UNESCO WHL), Italy. PalZ 97:505-517",High
Protochactas furreri,Protochactas,1,Middle Triassic,Fassanian,,242,235,238.5,gplates,307,mid,33.39,18.12,carbonate indet.,"F. Magnani, R. Stockar, and W. R. Lourenço. 2022. A new family, genus and species of fossil scorpion from the Meride Limestone (Middle Triassic) of Monte San Giorgio (Switzerland). Faunitaxys 10(24):1-7",High
Liassoscorpionides schmidti,Liassoscorpionides,1,Early Jurassic,Early Toarcian,,183,182,182.5,gplates,315,mid,26.15,43.13,offshore indet.,A. Bode. 1951. Ein liassischer Scorpionide. Paläontologische Zeitschrift 24:58-65,Low
Archaeobuthus estephani,Archaeobuthus,1,Early Cretaceous,Early Barremian,,130,125.45,127.725,gplates,503,mid,42.4,2.98,terrestrial indet.,"W. R. Lourenço. 2001. A remarkable scorpion fossil from the amber of Lebanon. Implications for the phylogeny of Buthoidea. Comptes Rendus de l'Académie des Sciences Paris, Sciences de la Terre et des Planètes 332:641-646",High
Protoischnurus axelrodorum,Protoischnurus,7,Early Cretaceous,Late Aptian,,122.46,112.03,117.245,gplates,201,mid,2.59,-4.99,lacustrine - large,"M. G. P. de Carvalho and W. R. Lourenço. 2001. A new family of fossil scorpions from the Early Cretaceous of Brazil. Comptes Rendus de l'Académie des Sciences Paris, Sciences de la Terre et des Planètes 332:711-716",High
Protoischnurus axelrodorum,Protoischnurus,13,Early Cretaceous,Late Aptian,,122.46,112.03,117.245,gplates,201,mid,2.59,-4.99,lacustrine - large,"F. Menon. 2007. Higher systematics of scorpions from the Crato Formation, Lower Cretaceous of Brazil. Palaeontology 50:185-195",High
Araripescorpius ligabuei,Araripescorpius,2,Early Cretaceous,Late Aptian,,122.46,112.03,117.245,gplates,201,mid,2.59,-4.99,lacustrine - large,"F. Menon. 2007. Higher systematics of scorpions from the Crato Formation, Lower Cretaceous of Brazil. Palaeontology 50:185-195",High
Araripescorpius ligabuei,Araripescorpius,1,Early Cretaceous,Late Aptian,,122.46,112.03,117.245,gplates,201,mid,2.59,-4.99,lacustrine - large,"D. R. B. Campos. 1986. Primeiro registro fóssil de Scorpionoidea da Chapada do Araripe (Cretáceo Inferior), Brasil. Anais da Academia Brasileira de Ciências 58:135-137",Low
Protoischnurus axelrodorum,Protoischnurus,1,Early Cretaceous,Late Aptian,,122.46,112.03,117.245,gplates,201,mid,2.59,-4.99,lacustrine - large,"M. G. P. de Carvalho, J. G. Maisey, and I. D. Mendes, I. S. Carvalho. 2023. Micro-tomographic analysis of a scorpion fossil from the Aptian Crato Formation of northeastern Brazil. Cretaceous Research 147(105454)",High
Palaeoeuscorpius gallicus,Palaeoeuscorpius,1,Early Cretaceous,Late Albian,,105.3,99.6,102.45,gplates,305,mid,17.26,42.97,terrestrial indet.,W. R. Lourenço. 2003. The first scorpion fossil from the Cretaceous amber of France. New implications for the phylogeny of Chactoidea. Comptes Rendus Palevol 2:213-219,High
Palaeotrilineatus ellenbergeri,Palaeotrilineatus,1,Late Cretaceous,Early Cenomanian,,99.6,93.5,96.55,gplates,617,mid,105.5,8.29,terrestrial indet.,"W. R. Lourenço. 2012. About the scorpion fossils from the Cretaceous amber of Myanmar (Burma) with the descriptions of a new family, genus and species. Acta Biológica Paranaense 41:75-87",Low
Palaeoburmesebuthus grimaldii,Palaeoburmesebuthus,1,Late Cretaceous,Early Cenomanian,,99.6,93.5,96.55,gplates,617,mid,105.5,8.29,terrestrial indet.,W. R. Lourenço. 2002. The first scorpion fossil from the Cretaceous amber of Myanmar (Burma). New implications for the phylogeny of Buthoidea. Comptes Rendues Palevol 1:97-101,High
Chaerilobuthus complexus,Chaerilobuthus,1,Late Cretaceous,Early Cenomanian,,99.6,93.5,96.55,gplates,617,mid,105.5,8.29,terrestrial indet.,W. R. Lourenço and A. Beigel. 2011. A new scorpion fossil from the Cretaceous amber of Myanmar (Burma). New phylogenetic implications. Comptes Rendus Palevol 10:635-639,High
Electrochaerilus buckleyi,Electrochaerilus,1,Late Cretaceous,Early Cenomanian,,99.6,93.5,96.55,gplates,617,mid,105.5,8.29,terrestrial indet.,"J. A. Santiago-Blay, V. Fet, and M. E. Soleglad, S. R. Anderson. 2004. A new genus and subfamily of scorpions from Lower Cretaceous Burmese amber (Scorpiones: Chaerilidae). Revista Ibérica de Aracnología 9:3-14",High
Palaeoburmesebuthus grimaldii,Palaeoburmesebuthus,1,Late Cretaceous,Early Cenomanian,,99.6,93.5,96.55,gplates,617,mid,105.5,8.29,terrestrial indet.,"J. A. Santiago-Blay, V. Fet, and M. E. Soleglad, P. R. Craig. 2004. The second Cretaceous scorpion specimen from Burmese amber (Arachnida: Scorpiones). Journal of Systematic Palaeontology 2:147-152",High
Chaerilobuthus longiaculeus,Chaerilobuthus,1,Late Cretaceous,Early Cenomanian,,99.6,93.5,96.55,gplates,617,mid,105.5,8.29,terrestrial indet.,"W. R. Lourenço. 2013. A new species of Chaerilobuthus Lourenço & Beigel, 2011 from Cretaceous Burmese amber (Scorpiones: Chaerilobuthidae). Acta Biológica Paranaense 42:1-5",High
Betaburmesebuthus bellus,Betaburmesebuthus,1,Late Cretaceous,Early Cenomanian,,99.6,93.5,96.55,gplates,617,mid,105.5,8.29,terrestrial indet.,W. R. Lourenço. 2016. A preliminary synopsis on amber scorpions with special reference to Burmite species: an extraordinary development of our knowledge in only 20 years. ZooKeys 600:75-87,High
Burmesescorpiops groehni,Burmesescorpiops,1,Late Cretaceous,Early Cenomanian,,99.6,93.5,96.55,gplates,617,mid,105.5,8.29,terrestrial indet.,W. R. Lourenço. 2016. A new genus and three new species of scorpions from Cretaceous Burmese amber (Scorpiones: Chaerilobuthidae: Palaeoeuscorpiidae). Arthropoda Selecta 25:67-74,High
Chaerilobuthus gigantosternum,Chaerilobuthus,1,Late Cretaceous,Early Cenomanian,,99.6,93.5,96.55,gplates,617,mid,105.5,8.29,terrestrial indet.,W. R. Lourenço. 2016. A new genus and three new species of scorpions from Cretaceous Burmese amber (Scorpiones: Chaerilobuthidae: Palaeoeuscorpiidae). Arthropoda Selecta 25:67-74,High
Chaerilobuthus serratus,Chaerilobuthus,1,Late Cretaceous,Early Cenomanian,,99.6,93.5,96.55,gplates,617,mid,105.5,8.29,terrestrial indet.,W. R. Lourenço. 2016. A new genus and three new species of scorpions from Cretaceous Burmese amber (Scorpiones: Chaerilobuthidae: Palaeoeuscorpiidae). Arthropoda Selecta 25:67-74,High
Archaeoscorpiops cretacicus,Archaeoscorpiops,1,Late Cretaceous,Early Cenomanian,,99.6,93.5,96.55,gplates,617,mid,105.5,8.29,terrestrial indet.,"W. R. Lourenço. 2015. A new subfamily, genus and species of fossil scorpions from Cretaceous Burmese amber (Scorpiones: Palaeoeuscorpiidae). Mesozoic Spiders (Araneae): Ancient Spider Faunas and Spider Evolution, Beiträge zur Araneologie 9:457-464",High
Palaeoburmesebuthus,Palaeoburmesebuthus,1,Late Cretaceous,Early Cenomanian,,99.6,93.5,96.55,gplates,617,mid,105.5,8.29,terrestrial indet.,"W. R. Lourenço. 2015. Clarification of the familiar status of the genus Palaeoburmesebuthus Lourenço, 2002 from Cretaceous Burmese amber (Scorpiones: Archaeobuthidae: Palaeoburmesebuthinae).  In J. Wunderlich (ed.), Mesozoic Spiders (Araneae): Ancient Spider Faunas and Spider Evolution, Beiträge zur Araneologie 9:465-475",High
Chaerilobuthus birmanicus,Chaerilobuthus,1,Late Cretaceous,Early Cenomanian,,99.6,93.5,96.55,gplates,617,mid,105.5,8.29,terrestrial indet.,"W. R. Lourenço. 2015. Clarification of the familiar status of the genus Palaeoburmesebuthus Lourenço, 2002 from Cretaceous Burmese amber (Scorpiones: Archaeobuthidae: Palaeoburmesebuthinae).  In J. Wunderlich (ed.), Mesozoic Spiders (Araneae): Ancient Spider Faunas and Spider Evolution, Beiträge zur Araneologie 9:465-475",High
Palaeoburmesebuthus ohlhoffi,Palaeoburmesebuthus,1,Late Cretaceous,Early Cenomanian,,99.6,93.5,96.55,gplates,617,mid,105.5,8.29,terrestrial indet.,"W. R. Lourenço. 2015. Clarification of the familiar status of the genus Palaeoburmesebuthus Lourenço, 2002 from Cretaceous Burmese amber (Scorpiones: Archaeobuthidae: Palaeoburmesebuthinae).  In J. Wunderlich (ed.), Mesozoic Spiders (Araneae): Ancient Spider Faunas and Spider Evolution, Beiträge zur Araneologie 9:465-475",High
Chaerilobuthus bruckschi,Chaerilobuthus,1,Late Cretaceous,Early Cenomanian,,99.6,93.5,96.55,gplates,617,mid,105.5,8.29,terrestrial indet.,"W. R. Lourenço. 2015. Clarification of the familiar status of the genus Palaeoburmesebuthus Lourenço, 2002 from Cretaceous Burmese amber (Scorpiones: Archaeobuthidae: Palaeoburmesebuthinae).  In J. Wunderlich (ed.), Mesozoic Spiders (Araneae): Ancient Spider Faunas and Spider Evolution, Beiträge zur Araneologie 9:465-475",High
Betaburmesebuthus kobberti,Betaburmesebuthus,1,Late Cretaceous,Early Cenomanian,,99.6,93.5,96.55,gplates,617,mid,105.5,8.29,terrestrial indet.,"W. R. Lourenço and A. Beigel. 2015. A new genus and species of Palaeoburmesebuthinae Lourenço, 2015 (Scorpiones: Archaeobuthidae) from Cretaceous amber of Myanmar.  In J. Wunderlich (ed.), Mesozoic Spiders (Araneae): Ancient Spider Faunas and Spider Evolution, Beiträge zur Araneologie 9:476-480",Low
Cretaceousopisthacanthus smeelei,Cretaceousopisthacanthus,1,Late Cretaceous,Early Cenomanian,,99.6,93.5,96.55,gplates,617,mid,105.5,8.29,terrestrial indet.,W. R. Lourenço and J. Velten. 2021. One more new genus and species of scorpion from Early Cretaceous Burmese amber (Scorpiones: Protoischnuridae). Faunitaxys 9(14):1-5,High
Betaburmesebuthus spinipedis,Betaburmesebuthus,1,Late Cretaceous,Early Cenomanian,,99.6,93.5,96.55,gplates,617,mid,105.5,8.29,terrestrial indet.,"Q. Xuan, C. Y. Cai, and D. Y. Huang. 2022. A new Palaeoburmesebuthidae scorpion from mid-Cretaceous Burmese amber (Arachnida: Scorpiones: Buthoidea). Cretaceous Research 134(105165)",High
Betaburmesebuthus bellus,Betaburmesebuthus,2,Late Cretaceous,Early Cenomanian,,99.6,93.5,96.55,gplates,617,mid,105.5,8.29,terrestrial indet.,"Q. Xuan, C. Y. Cai, and D. Y. Huang. 2023. Revision of palaeoburmesebuthid scorpions in mid-Cretaceous amber from northern Myanmar (Scorpiones: Buthoidea). Palaeoentomology 6:64-101",High
Betaburmesebuthus kobberti,Betaburmesebuthus,1,Late Cretaceous,Early Cenomanian,,99.6,93.5,96.55,gplates,617,mid,105.5,8.29,terrestrial indet.,"Q. Xuan, C. Y. Cai, and D. Y. Huang. 2023. Revision of palaeoburmesebuthid scorpions in mid-Cretaceous amber from northern Myanmar (Scorpiones: Buthoidea). Palaeoentomology 6:64-101",High
Betaburmesebuthus fleissneri,Betaburmesebuthus,1,Late Cretaceous,Early Cenomanian,,99.6,93.5,96.55,gplates,617,mid,105.5,8.29,terrestrial indet.,"Q. Xuan, C. Y. Cai, and D. Y. Huang. 2023. Revision of palaeoburmesebuthid scorpions in mid-Cretaceous amber from northern Myanmar (Scorpiones: Buthoidea). Palaeoentomology 6:64-101",High
Betaburmesebuthus,Betaburmesebuthus,1,Late Cretaceous,Early Cenomanian,,99.6,93.5,96.55,gplates,617,mid,105.5,8.29,terrestrial indet.,"Q. Xuan, C. Y. Cai, and D. Y. Huang. 2023. Revision of palaeoburmesebuthid scorpions in mid-Cretaceous amber from northern Myanmar (Scorpiones: Buthoidea). Palaeoentomology 6:64-101",High
Betaburmesebuthus larafleissnerae,Betaburmesebuthus,1,Late Cretaceous,Early Cenomanian,,99.6,93.5,96.55,gplates,617,mid,105.5,8.29,terrestrial indet.,"Q. Xuan, C. Y. Cai, and D. Y. Huang. 2023. Revision of palaeoburmesebuthid scorpions in mid-Cretaceous amber from northern Myanmar (Scorpiones: Buthoidea). Palaeoentomology 6:64-101",High
Betaburmesebuthus muelleri,Betaburmesebuthus,1,Late Cretaceous,Early Cenomanian,,99.6,93.5,96.55,gplates,617,mid,105.5,8.29,terrestrial indet.,"Q. Xuan, C. Y. Cai, and D. Y. Huang. 2023. Revision of palaeoburmesebuthid scorpions in mid-Cretaceous amber from northern Myanmar (Scorpiones: Buthoidea). Palaeoentomology 6:64-101",High
Betaburmesebuthus villosus,Betaburmesebuthus,1,Late Cretaceous,Early Cenomanian,,99.6,93.5,96.55,gplates,617,mid,105.5,8.29,terrestrial indet.,"Q. Xuan, C. Y. Cai, and D. Y. Huang. 2023. Revision of palaeoburmesebuthid scorpions in mid-Cretaceous amber from northern Myanmar (Scorpiones: Buthoidea). Palaeoentomology 6:64-101",High
Betaburmesebuthus fuscus,Betaburmesebuthus,1,Late Cretaceous,Early Cenomanian,,99.6,93.5,96.55,gplates,617,mid,105.5,8.29,terrestrial indet.,"Q. Xuan, C. Y. Cai, and D. Y. Huang. 2023. Revision of palaeoburmesebuthid scorpions in mid-Cretaceous amber from northern Myanmar (Scorpiones: Buthoidea). Palaeoentomology 6:64-101",High
Chaerilus,Chaerilus,2,Late Cretaceous,Early Cenomanian,,99.6,93.5,96.55,gplates,617,mid,105.5,8.29,terrestrial indet.,"Q. Xuan, C. Y. Cai, and D. Y. Huang. 2023. Immature chaerilid scorpions from mid-Cretaceous amber of northern Myanmar (Arachnida: Scorpiones: Chaeriloidea). Cretaceous Research 144(105461)",High
Betaburmesebuthus knodelorum,Betaburmesebuthus,1,Late Cretaceous,Early Cenomanian,,99.6,93.5,96.55,gplates,617,mid,105.5,8.29,terrestrial indet.,"W. R. Lourenço. 2021. Further comments on the elements of the family Palaeoburmesebuthidae Lourenço, 2015 with description of a new species of Spinoburmesebuthus Lourenço, 2017 from Early Cretaceous Burmite amber (Scorpiones). Faunitaxys 9(17):1-6",High
Chaerilobuthus meggeri,Chaerilobuthus,1,Late Cretaceous,Early Cenomanian,,99.6,93.5,96.55,gplates,617,mid,105.5,8.29,terrestrial indet.,"W. R. Lourenço and J. Velten. 2021. Early Cretaceous Burmite fossils of the genus Chaerilobuthus Lourenço & Beigel, 2011 (Scorpiones: Chaerilobuthidae) and description of a particular new species. Faunitaxys 9(30):1-5",High
Chaerilobuthus brandti,Chaerilobuthus,1,Late Cretaceous,Early Cenomanian,,99.6,93.5,96.55,gplates,617,mid,105.5,8.29,terrestrial indet.,"W. R. Lourenço and J. Velten. 2022. The remarkable variability of the genus Chaerilobuthus Lourenço & Beigel, 2011 (Scorpiones: Chaerilobuthidae) and description of a new species from Early Cretaceous Burmite. Faunitaxys 10(10):1-6",High
Cretaceousbuthus fraaijeorum,Cretaceousbuthus,1,Late Cretaceous,Early Cenomanian,,99.6,93.5,96.55,gplates,617,mid,105.5,8.29,terrestrial indet.,W. R. Lourenço and J. Velten. 2022. Further insights on Cretaceous Burmite scorpions with the descriptions of a new genus and species (Scorpiones: Buthoidea: Buthidae). Faunitaxys 10(35):1-5,High
Cretaceousbuthus petersi,Cretaceousbuthus,1,Late Cretaceous,Early Cenomanian,,99.6,93.5,96.55,gplates,617,mid,105.5,8.29,terrestrial indet.,"W. R. Lourenço and J. Velten. 2023. Confirmation of the validity of the genus Cretaceousbuthus Lourenço, 2022 and description of a new species from Burmite (Scorpiones: Buthoidea: Buthidae). Faunitaxys 11(35):1-6",High
Cretaceoushormiops staxi,Cretaceoushormiops,1,Late Cretaceous,Early Cenomanian,,99.6,93.5,96.55,gplates,617,mid,105.5,8.29,terrestrial indet.,"W. R. Lourenço and J. Velten. 2022. A second new species for the genus Cretaceoushormiops Lourenço, 2018 from Cretaceous Burmite (Scorpiones: Protoischnuridae). Faunitaxys 10(43):1-5",High
Eoeuscorpius ceratoi,Eoeuscorpius,1,Early Palaeocene,Ypresian,,56,47.8,51.9,gplates,307,mid,18.59,33.43,lagoonal/restricted shallow subtidal,"G. Kühl and W. R. Lourenço. 2017. A new genus and species of fossil scorpion (?Euscorpiidae) from the Early–Middle Eocene of Pesciara (Bolca, Italy). PalZ 91:283-290",High
Uintascorpio halandrasorum,Uintascorpio,1,Middle Eocene,Bridgerian,,50.3,46.2,48.25,gplates,101,mid,-85.09,46.95,lacustrine - large,"M. L. Perry. 1995. Preliminary description of a new fossil scorpion from the middle Eocene Green River Formation, Rio Blanco County, Colorado.  In W. R. Averitt (ed.), The Green River Formation in Piceance Creek and Eastern Uinta Basins. Grand Junction, CO: Grand Junction Geological Society.",Low
Palaeoananteris ukrainensis,Palaeoananteris,1,Late Eocene,Priabonian,,38,33.9,35.95,gplates,302,mid,29.17,44.71,terrestrial indet.,"W. R. Lourenço and W. Weitschat. 2009. A new species of Palaeoananteris Lourenço & Weitschat, 2001, fossil scorpion from Ukrainian amber (Scorpiones, Buthidae). Boletín Sociedad Entomológica Aragonesa 45:231-235",Medium
Palaeolychas weitschati,Palaeolychas,1,Late Eocene,Priabonian,,38,33.9,35.95,gplates,302,mid,23.19,48.33,terrestrial indet.,"W. R. Lourenço. 2012. Further considerations on scorpions found in Baltic amber, with a description of a new species (Scorpiones: Buthidae). Euscorpius - Occasional Publications in Scorpiology 146:1-7",High
Palaeotityobuthus longiaculeus,Palaeotityobuthus,1,Late Eocene,Priabonian,,38,33.9,35.95,gplates,302,mid,23.19,48.33,terrestrial indet.,W. R. Lourenço and W. Weitschat. 2000. New fossil scorpions from the Baltic amber - implications for Cenozoic biodiversity. Mitteilungen aus dem Geologisch-Paläontologischen Institut der Universität Hamburg 84:247-260,Low
Palaeoprotobuthus pusillus,Palaeoprotobuthus,1,Late Eocene,Priabonian,,38,33.9,35.95,gplates,302,mid,23.19,48.33,terrestrial indet.,W. R. Lourenço and W. Weitschat. 2000. New fossil scorpions from the Baltic amber - implications for Cenozoic biodiversity. Mitteilungen aus dem Geologisch-Paläontologischen Institut der Universität Hamburg 84:247-260,Low
Palaeoakentrobuthus knodeli,Palaeoakentrobuthus,1,Late Eocene,Priabonian,,38,33.9,35.95,gplates,302,mid,23.19,48.33,terrestrial indet.,W. R. Lourenço and W. Weitschat. 2000. New fossil scorpions from the Baltic amber - implications for Cenozoic biodiversity. Mitteilungen aus dem Geologisch-Paläontologischen Institut der Universität Hamburg 84:247-260,Low
Palaeolychas balticus,Palaeolychas,1,Late Eocene,Priabonian,,38,33.9,35.95,gplates,302,mid,23.19,48.33,terrestrial indet.,"W. R. Lourenço and W. Weitschat. 1996. More than 120 years after its description, the enigmatic status of the genus of the Baltic amber scorpion ""Tityus eogenus"" Menge, 1869 can finally be clarified. Mitteilungen aus dem Geologisch-Paläontologischen Institut der Universität Hamburg 79:183-193",Low
Palaeospinobuthus cenozoicus,Palaeospinobuthus,1,Late Eocene,Priabonian,,38,33.9,35.95,gplates,302,mid,23.19,48.33,terrestrial indet.,"W. R. Lourenço, H. Henderickx, and W. Weitschat. 2005. A new genus and species of fossil scorpion from Baltic amber (Scorpiones, Buthidae). Mitteilungen aus dem Geologisch-Paläontologischen Institut der Universität Hamburg 89:159-166",Low
Palaeoisometrus elegans,Palaeoisometrus,1,Late Eocene,Priabonian,,38,33.9,35.95,gplates,302,mid,23.19,48.33,terrestrial indet.,"W. R. Lourenço and W. Weitschat. 2005. A new genus and species of fossil scorpion from a different kind of Baltic amber (Scorpiones, Buthidae). Mitteilungen aus dem Geologisch-Paläontologischen Institut der Universität Hamburg 89:183-188",Low
Palaeoananteris ribnitiodamgartensis,Palaeoananteris,1,Late Eocene,Priabonian,,38,33.9,35.95,gplates,302,mid,23.19,48.33,terrestrial indet.,"W. R. Lourenço and W. Weitschat. 2001. Description of another fossil scorpion from Baltic amber, with considerations on the evolutionary levels of Cenozoic Buthoidea. Mitteilungen aus dem Geologisch-Paläontologischen Institut der Universität Hamburg 85:277-283",Low
Palaeoananteris wunderlichi,Palaeoananteris,1,Late Eocene,Priabonian,,38,33.9,35.95,gplates,302,mid,23.19,48.33,terrestrial indet.,"W. R. Lourenço. 2004. Description of a further species of fossil scorpion in Baltic amber.  In J. Wunderlich (ed.), Beiträge zur Araneologie 3:1886-1889",Low
Centruroides,Centruroides,1,Miocene,Early Miocene,,23.03,15.97,19.5,gplates,205,mid,-86.05,20.73,terrestrial indet.,J. A. Santiago-Blay and G. O. Poinar. 1993. First scorpion (Buthidae: Centruroides) from Mexican amber (Lower Miocene to Upper Oligocene). The Journal of Arachnology 21:147-151,Low
Tityus apozonalli,Tityus,1,Miocene,Early Miocene,,23.03,15.97,19.5,gplates,205,mid,-86.16,20.72,terrestrial indet.,"F. Riquelme, G. Villegas-Guzmán, and E. González-Santillán, V. Córdova-Tabares, O. F. Francke, D. Piedra-Jiménez, E. Estrada-Ruiz, B. Luna-Castro. 2015. New fossil scorpion from the Chiapas amber lagerstätte. PLoS One 10(8):e0133396",High
Sinoscorpius shandongensis,Sinoscorpius,1,Miocene,Burdigalian,,20.44,15.97,18.205,gplates,604,mid,116.08,35.44,lacustrine - large,Y. C. Hong. 1983. Discovery of Miocene Scorpius from the diatoms of Shanwang in Shandong Province. Bulletin of the Tianjin Institute of Geology and Mineral Resources 8:18-21,Low
Centruroides nitidus,Centruroides,1,Miocene,Burdigalian,Langhian,20.44,13.82,17.13,gplates,252,mid,-66.62,20.82,terrestrial indet.,"W. Schawaller. 1979. Erstnachweis eines Skorpions in Dominikanischem Bernstein (Stuttgarter Bernsteinsammlung: Arachnida, Scorpionida). Stuttgarter Beiträge zur Naturkunde Serie B (Geologie und Paläontologie) 45:1-15",High
Tityus geratus,Tityus,1,Miocene,Burdigalian,Langhian,20.44,13.82,17.13,gplates,252,mid,-66.76,20.87,terrestrial indet.,"W. R. Lourenço. 2009. A new species of Tityus C. L. Koch, 1836 (subgenus Brazilotityus Lourenço, 2006) from the Dominican amber (Scorpiones: Buthidae). Euscorpius - Occasional Publications in Scorpiology 83:1-5",High
Microtityus ambarensis,Microtityus,1,Miocene,Burdigalian,Langhian,20.44,13.82,17.13,gplates,252,mid,-66.62,20.82,terrestrial indet.,"W. Schawaller. 1982. Zwei weitere Skorpione in Dominikanischem Bernstein (Stuttgarter Bernstelnsammlung: Arachnida, Scorplonida). Stuttgarter Beiträge zur Naturkunde Serie B (Geologie und Paläontologie) 82:1-14",High
Tityus geratus,Tityus,1,Miocene,Burdigalian,Langhian,20.44,13.82,17.13,gplates,252,mid,-66.76,20.87,terrestrial indet.,"W. R. Lourenço. 2013. A new species of Tityus C. L. Koch, 1836 (Scorpiones: Buthidae) from Dominican amber. Euscorpius - Occasional Publications in Scorpiology 156:1-5",High
Tityus geratus,Tityus,1,Miocene,Burdigalian,Langhian,20.44,13.82,17.13,gplates,252,mid,-66.62,20.82,terrestrial indet.,J. A. Santiago-Blay and G. O. Poinar. 1988. A fossil scorpion Tityus geratus new species (Scorpiones: Buthidae) from Dominican amber. Historical Biology 1:345-354,Low
Mioscorpio zeuneri,Mioscorpio,8,Miocene,Sarmatian,,12.7,11.608,12.154,gplates,305,mid,11.18,46.2,spring,J. Hadzi. 1931. Skorpionenreste aus dem tertiären Sprudelsinter von Böttingen (Schwäbische Alb). Paläontologische Zeitschrift 13:134-148,Low
Microcharmus henderickxi,Microcharmus,1,Late Holocene,Holocene,,0.0117,0,0.00585,gplates,not computable using this model,mid,50.150002,-14.27,terrestrial indet.,"W. R. Lourenço. 2009. A new sub-fossil scorpion of the genus Microcharmus Lourenço, 1995 from Malagasy copal (Scorpiones, Microcharmidae). Boletín Sociedad Entomológica Aragonesa 44:135-137",High
Palaeogrosphus jacquesi,Palaeogrosphus,1,Late Holocene,Holocene,,0.0117,0,0.00585,gplates,not computable using this model,mid,50.150002,-14.27,terrestrial indet.,"W. R. Lourenço and H. Henderickx. 2012. Another new sub-fossil species of scorpion of the genus Palaeogrosphus Lourenço, 2000 from Malagasy copal (Scorpiones: Buthidae). Euscorpius - Occasional Publications in Scorpiology 137:1-4",High
Palaeogrosphus copalensis,Palaeogrosphus,1,Late Holocene,Holocene,,0.0117,0,0.00585,gplates,not computable using this model,mid,49.290001,-12.3,terrestrial indet.,"W. R. Lourenço. 1996. Premier cas connu d'un sub-fossile de scorpion dans le copal de Madagascar. Comptes Rendus de l'Académie des Sciences Paris, Série IIa, Sciences de la Terre et des Planètes 323:889-891",Low
Chactas pleistocenicus,Chactas,1,Late Holocene,Holocene,,0.0117,0,0.00585,gplates,not computable using this model,mid,-73.660004,5.75,terrestrial indet.,"W. R. Lourenço and W. Weitschat. 2005. First sub-fossil scorpion of the genus Chactas Gervais from Colombian copal (Scorpiones, Chactidae). Mitteilungen aus dem Geologisch-Paläontologischen Institut der Universität Hamburg 89:179-182",Low